Name,Aka
Alison McKenna,ALISON MCKENNA
Alison McKenna,Alison McKenna
Alison McKenna,Alison Mckenna
Brian Kennedy,Brian Kennedy
Brian Kennedy,BRIAN KENNEDY
Brian Kennedy,Kennedy
Chris Hughes,Chris Hughes
Chris Hughes,CHRIS HUGHES
Chris Hughes,Christopher Hughes
Chris Hughes,HUGHES
Chris Hughes,C Hughes
Claire Taylor,Claire Taylor
Claire Taylor,CLAIRE TAYLOR
Claire Taylor,C Taylor
Claire Taylor,Taylor
David Farrer,David Farrer
David Farrer,DAVID FARRER
Fiona Henderson,Fiona Henderson
Fiona Henderson,FIONA HENDERSON
Karen Booth,KAREN BOOTH
Karen Booth,Karen Booth
Melanie Carter,Melanie Carter
Melanie Carter,MELANIE CARTER
Moira Macmillan,Moira Macmillan
Moira Macmillan,MOIRA MACMILLAN
Shanks,Murray Shanks
Shanks,Shanks
Shanks,SHANKS
Shanks,Judge Shanks
Robin Callender Smith,ROBIN CALLENDER SMITH
Robin Callender Smith,Robin Callender Smith
Peter Lane,PETER LANE
Peter Lane,Peter Lane
Peter Lane,LANE
Sophie Buckley,SOPHIE BUCKLEY
Sophie Buckley,BUCKLEY
Sullivan,SULLIVAN
Stephen Cragg,Stephen Cragg
Peter Marquand,Peter Marquand
NJ Warren,NJ Warren
Holmes,HOLMES
John Angel,John Angel
John Angel,JOHN ANGEL
Humphrey Forrest,H Forrest
Humphrey Forrest,Humphrey Forrest
Hazel Oliver,HAZEL OLIVER
Alexandra Marks,ALEXANDRA MARKS
Chris Ryan,CHRIS RYAN
Chris Ryan,Chris Ryan
Chris Ryan,Christopher Ryan
Chris Ryan,CHRISTOPHER RYAN
Clare Goodman,CLARE GOODMAN
David Marks,DAVID MARKS
David Marks,David Marks
David Thomas,DAVID THOMAS
Andrew Bartlett,Andrew Bartlett
Angus Hamilton,Angus Hamilton
Annabel Pilling,Annabel Pilling
Annabel Pilling,ANNABEL PILLING
Anthony Snelson,ANTHONY SNELSON
Anisa Dhanji,Anisa Dhanji
Robert Good,ROBERT GOOD
Anthony Evans,Anthony Evans
Registrar (R Worth),R Worth
Registrar (R Worth),R Worth
Registrar (R Worth),R Worth
Registrar (R Worth),R Worth