Name,Aka
Alison Lowton,A Lowton
Alison Lowton,A LOWTON
Alison Lowton,Alison Lowton
Alison Lowton,ALISON LOWTON
Andrew Whetnall,Andrew Whetnall
Andrew Whetnall,ANDREW WHETNALL
Anne Chafer,ANNE CHAFER
Anne Chafer,Anne Chafer
Anne Chafer,Ann Chafer
Anthony Stoller,Anthony Stoller
Darryl Stephenson,Darryl Stephenson
Darryl Stephenson,DARRYL STEVENSON
David Sivers,D SIVERS
David Sivers,Dave Sivers
David Sivers,DAVE SIVERS
David Sivers,David Sivers
David Sivers,DAVID SIVERS
David Wilkinson,D Wilkinson
David Wilkinson,David Wilkinson
David Wilkinson,DAVID WILKINSON
Gareth Jones,G Jones
Gareth Jones,Gareth Jones
Gareth Jones,GARETH JONES
Gareth Jones,Gavin Jones
Henry Fitzhugh,H Fitzhugh
Henry Fitzhugh,HENRY FITZHUGH
Henry Fitzhugh,Henry Fitzhugh
Henry Fitzhugh,Henry FitzHugh
Henry Fitzhugh,HENRY FTZHUGH
Ivan Wilson,Ivan Wilson
Ivan Wilson,IVAN WILSON
Jacqueline Blake,Jacqueline Blake
Jacqueline Blake,JACQUELINE BLAKE
Jean Nelson,J Nelson
Jean Nelson,Jean Nelson
Jean Nelson,JEAN NELSON
Jenni Thomson,Jenni Thompson
Jenni Thomson,Jenni Thomson
John Randall,JOHN RANDALL
John Randall,John Randall
John Randall,John Randal
Malcolm Clarke,MALCOLM CLARK
Malcolm Clarke,Malcolm Clarke
Malcolm Clarke,MALCOLM CLARKE
Marion Saunders,"Marion
Saunders"
Marion Saunders,Marion Saunders
Marion Saunders,MARION SAUNDERS
Melanie Howard,M HOWARD
Melanie Howard,Melanie Howard
Melanie Howard,MELANIE HOWARD
Michael Hake,M Hake
Michael Hake,Michael Hake
Michael Hake,MICHAEL HAKE
Michael Jones,M Jones
Michael Jones,Michael Jones
Michael Jones,MICHAEL JONES
Michael Jones,Micheal Jones
Michael Jones,Mike Jones
Michael Jones,MIKE JONES
Narendra Makanji,N Makanji
Narendra Makanji,Narendra Makanji
Narendra Makanji,NARENDRA MAKANJI
Narendra Makanji,NARENDRA MAKANJ!
Nigel Watson,NIGEL WATSON
Nigel Watson,Nigel Watson
Paul Taylor,P Taylor
Paul Taylor,Paul Taylor
Paul Taylor,PAUL TAYLOR
Pieter de Waal,P De Waal
Pieter de Waal,"Pieter
De Waal"
Pieter de Waal,Pieter de Waal
Pieter de Waal,Pieter De Waal
Pieter de Waal,PIETER DE WAAL
Pieter de Waal,Pieter De Waal 
Pieter de Waal,PIETER DEWAAL
Richard Enderby,R Enderby
Richard Enderby,Richard Enderby
Richard Enderby,RICHARD ENDERBY
Richard Fox,Richard Fox
Roger Creedon,R Creedon
Roger Creedon,Roger Creedon
Roger Creedon,ROGER CREEDON
Rosalind Tatam,Rosalind Tatam
Rosalind Tatam,ROSALIND TATAM
Stephen Shaw,STEPHEN SHAW
Stephen Shaw,Stephen Shaw
Stephen Shaw,Steve Shaw
Stephen Shaw,STEVE SHAW
Stephen Shaw,STEVEN SHAW
Stephen Shaw,Steven Shaw
Suzanne Cosgrave,Suzanne Cosgrave
Suzanne Cosgrave,SUZANNE COSGRAVE
Suzanne Cosgrave,Suzanne Cosgrove
Vivian Bowern,Vivian Bowern